<?xml version="1.0" encoding="UTF-8"?>
<project-private xmlns="http://www.netbeans.org/ns/project-private/1">
    <editor-bookmarks xmlns="http://www.netbeans.org/ns/editor-bookmarks/2" lastBookmarkId="0"/>
    <open-files xmlns="http://www.netbeans.org/ns/projectui-open-files/2">
        <group>
            <file>file:/D:/Marlon/TSI/Semestre%20VII/Vida%20Artificial/ProyectoVidaArtificial/Simulacion/src/simulacion/MostrarSimulacion.java</file>
            <file>file:/D:/Marlon/TSI/Semestre%20VII/Vida%20Artificial/ProyectoVidaArtificial/Simulacion/src/simulacion/MainPrincipal.java</file>
            <file>file:/D:/Marlon/TSI/Semestre%20VII/Vida%20Artificial/ProyectoVidaArtificial/Simulacion/src/simulacion/FrameSimulacion.java</file>
            <file>file:/D:/Marlon/TSI/Semestre%20VII/Vida%20Artificial/ProyectoVidaArtificial/Simulacion/src/simulacion/Simulacion.java</file>
            <file>file:/D:/Marlon/TSI/Semestre%20VII/Vida%20Artificial/ProyectoVidaArtificial/Simulacion/src/simulacion/Oveja.java</file>
        </group>
    </open-files>
</project-private>
